<?xml version="1.0" encoding="utf-8"?>
<rss xmlns:dc="http://purl.org/dc/elements/1.1/" xmlns:content="http://purl.org/rss/1.0/modules/content/" xmlns:foaf="http://xmlns.com/foaf/0.1/" xmlns:og="http://ogp.me/ns#" xmlns:rdfs="http://www.w3.org/2000/01/rdf-schema#" xmlns:schema="http://schema.org/" xmlns:sioc="http://rdfs.org/sioc/ns#" xmlns:sioct="http://rdfs.org/sioc/types#" xmlns:skos="http://www.w3.org/2004/02/skos/core#" xmlns:xsd="http://www.w3.org/2001/XMLSchema#" version="2.0" xml:base="https://kpi.ua/">
  <channel>
    <title>КПІ ім. Ігоря Сікорського - Національний технічний університет України&lt;/ br&gt;"Київський політехнічний інститут імені Ігоря Сікорського"</title>
    <link>https://kpi.ua/</link>
    <description/>
    <language>UK</language>
    
    <item>
  <title>[до 18.03.2021] Оголошується конкурс на заміщення посад</title>
  <link>https://kpi.ua/board-job</link>
  <description>&lt;span class="field field--name-title field--type-string field--label-hidden"&gt;[до 18.03.2021] Оголошується конкурс на заміщення посад&lt;/span&gt;
&lt;span class="field field--name-uid field--type-entity-reference field--label-hidden"&gt;&lt;span lang="" about="https://kpi.ua/user/1" typeof="schema:Person" property="schema:name" datatype="" xml:lang=""&gt;ntuu.kpi&lt;/span&gt;&lt;/span&gt;
&lt;span class="field field--name-created field--type-created field--label-hidden"&gt;пт, 02/19/2021 - 14:40&lt;/span&gt;

  &lt;div class="clearfix text-formatted field field--name-body field--type-text-with-summary field--label-above"&gt;
    &lt;div class="field__label"&gt;Текст&lt;/div&gt;
              &lt;div class="field__item"&gt;&lt;p&gt;Національний технічний університет України «Київський політехнічний інститут імені Ігоря Сікорського» оголошує конкурс на заміщення вакантних посад. &lt;/p&gt;&lt;/div&gt;
          &lt;/div&gt;
</description>
  <pubDate>Fri, 19 Feb 2021 12:40:00 +0000</pubDate>
    <dc:creator>ntuu.kpi</dc:creator>
    <guid isPermaLink="false">2306 at https://kpi.ua</guid>
    </item>
<item>
  <title>КБ «Південне» та КПІ: нові горизонти співпраці</title>
  <link>https://kpi.ua/node/18488</link>
  <description>&lt;span class="field field--name-title field--type-string field--label-hidden"&gt;КБ «Південне» та КПІ: нові горизонти співпраці&lt;/span&gt;

  &lt;div class="field field--name-node-image field--type-image field--label-above"&gt;
    &lt;div class="field__label"&gt;Image&lt;/div&gt;
              &lt;div class="field__item"&gt;  &lt;a href="https://kpi.ua/node/18488" hreflang="UK"&gt;&lt;img src="https://kpi.ua/files/styles/thumbnail/public/images-story/2Q2A9930.JPG?itok=XlhyC-O8" width="100" height="100" alt="19.02.2021 КБ «Південне» та КПІ: нові горизонти співпраці" typeof="foaf:Image" class="image-style-thumbnail" /&gt;&lt;/a&gt;
&lt;/div&gt;
          &lt;/div&gt;
&lt;span class="field field--name-uid field--type-entity-reference field--label-hidden"&gt;&lt;span lang="" about="https://kpi.ua/user/91" typeof="schema:Person" property="schema:name" datatype="" xml:lang=""&gt;medialab&lt;/span&gt;&lt;/span&gt;
&lt;span class="field field--name-created field--type-created field--label-hidden"&gt;пт, 02/19/2021 - 14:26&lt;/span&gt;

  &lt;div class="clearfix text-formatted field field--name-body field--type-text-with-summary field--label-above"&gt;
    &lt;div class="field__label"&gt;Текст&lt;/div&gt;
              &lt;div class="field__item"&gt;&lt;p&gt;Дуже цікавою і конкретною була розмова під час зустрічі керівників КБ «Південне» імені М.К.Янгеля та КПІ імені Ігоря Сікорського, яка відбулася в університеті 18 лютого. &lt;/p&gt;&lt;/div&gt;
          &lt;/div&gt;
</description>
  <pubDate>Fri, 19 Feb 2021 12:26:14 +0000</pubDate>
    <dc:creator>medialab</dc:creator>
    <guid isPermaLink="false">18488 at https://kpi.ua</guid>
    </item>
<item>
  <title>Адаптувати передовий досвід університетів світу та виходити на лідерські позиції</title>
  <link>https://kpi.ua/2020-icd</link>
  <description>&lt;span class="field field--name-title field--type-string field--label-hidden"&gt;Адаптувати передовий досвід університетів світу та виходити на лідерські позиції&lt;/span&gt;

  &lt;div class="field field--name-node-image field--type-image field--label-above"&gt;
    &lt;div class="field__label"&gt;Image&lt;/div&gt;
              &lt;div class="field__item"&gt;  &lt;a href="https://kpi.ua/2020-icd" hreflang="UK"&gt;&lt;img src="https://kpi.ua/files/styles/thumbnail/public/images-story/2020-icd.gif?itok=bAKqjrYM" width="100" height="100" alt="Кількість проектів" title="Кількість проектів" typeof="foaf:Image" class="image-style-thumbnail" /&gt;&lt;/a&gt;
&lt;/div&gt;
          &lt;/div&gt;
&lt;span class="field field--name-uid field--type-entity-reference field--label-hidden"&gt;&lt;span lang="" about="https://kpi.ua/user/1" typeof="schema:Person" property="schema:name" datatype="" xml:lang=""&gt;ntuu.kpi&lt;/span&gt;&lt;/span&gt;
&lt;span class="field field--name-created field--type-created field--label-hidden"&gt;пт, 02/19/2021 - 13:35&lt;/span&gt;

  &lt;div class="clearfix text-formatted field field--name-body field--type-text-with-summary field--label-above"&gt;
    &lt;div class="field__label"&gt;Текст&lt;/div&gt;
              &lt;div class="field__item"&gt;&lt;p&gt;Драматичні події 2020 року певною мірою ускладнили, але не призупинили розбудову міжнародної сфери університету відповідно до Стратегії його розвитку до 2025 року, а саме: бути в першій тисячі в світових рейтингах, досягти кількості 1500-1600 іноземних громадян на навчанні в КПІ, в 3-5 разів збільшити подачу кафедрами міжнародних проєктів.&lt;/p&gt;
&lt;/div&gt;
          &lt;/div&gt;
</description>
  <pubDate>Fri, 19 Feb 2021 11:35:30 +0000</pubDate>
    <dc:creator>ntuu.kpi</dc:creator>
    <guid isPermaLink="false">18487 at https://kpi.ua</guid>
    </item>
<item>
  <title>Київський політехнік, 2021, №6 (у .pdf форматі)</title>
  <link>https://kpi.ua/2021-kp6</link>
  <description>&lt;span class="field field--name-title field--type-string field--label-hidden"&gt;Київський політехнік, 2021, №6 (у .pdf форматі)&lt;/span&gt;

  &lt;div class="field field--name-node-image field--type-image field--label-above"&gt;
    &lt;div class="field__label"&gt;Image&lt;/div&gt;
              &lt;div class="field__item"&gt;  &lt;a href="https://kpi.ua/2021-kp6" hreflang="UK"&gt;&lt;img src="https://kpi.ua/files/styles/thumbnail/public/images-story/2021-kp6.jpg?itok=6-nSa7gi" width="100" height="100" alt="Київський політехнік, 2021, №6 (у .pdf форматі)" title="Київський політехнік, 2021, №6 (у .pdf форматі)" typeof="foaf:Image" class="image-style-thumbnail" /&gt;&lt;/a&gt;
&lt;/div&gt;
          &lt;/div&gt;
&lt;span class="field field--name-uid field--type-entity-reference field--label-hidden"&gt;&lt;span lang="" about="https://kpi.ua/user/1" typeof="schema:Person" property="schema:name" datatype="" xml:lang=""&gt;ntuu.kpi&lt;/span&gt;&lt;/span&gt;
&lt;span class="field field--name-created field--type-created field--label-hidden"&gt;чт, 02/18/2021 - 15:56&lt;/span&gt;

  &lt;div class="clearfix text-formatted field field--name-body field--type-text-with-summary field--label-above"&gt;
    &lt;div class="field__label"&gt;Текст&lt;/div&gt;
              &lt;div class="field__item"&gt;&lt;p&gt;Опубліковано 6 номер газети "Київський політехнік" за 2021 рік.&lt;/p&gt;
&lt;/div&gt;
          &lt;/div&gt;
</description>
  <pubDate>Thu, 18 Feb 2021 13:56:22 +0000</pubDate>
    <dc:creator>ntuu.kpi</dc:creator>
    <guid isPermaLink="false">18485 at https://kpi.ua</guid>
    </item>
<item>
  <title>Засідання ректорату КПІ ім. Ігоря Сікорського 15 лютого 2021 року</title>
  <link>https://kpi.ua/2021-02-15</link>
  <description>&lt;span class="field field--name-title field--type-string field--label-hidden"&gt;Засідання ректорату КПІ ім. Ігоря Сікорського 15 лютого 2021 року&lt;/span&gt;
&lt;span class="field field--name-uid field--type-entity-reference field--label-hidden"&gt;&lt;span lang="" about="https://kpi.ua/user/1" typeof="schema:Person" property="schema:name" datatype="" xml:lang=""&gt;ntuu.kpi&lt;/span&gt;&lt;/span&gt;
&lt;span class="field field--name-created field--type-created field--label-hidden"&gt;вт, 02/16/2021 - 23:45&lt;/span&gt;

  &lt;div class="clearfix text-formatted field field--name-body field--type-text-with-summary field--label-above"&gt;
    &lt;div class="field__label"&gt;Текст&lt;/div&gt;
              &lt;div class="field__item"&gt;&lt;p&gt;Засідання ректорату відбулося в дистанційному режимі під головуванням ректора КПІ ім.Ігоря Сікорського М.З.Згуровського.&lt;/p&gt;&lt;/div&gt;
          &lt;/div&gt;
</description>
  <pubDate>Tue, 16 Feb 2021 21:45:08 +0000</pubDate>
    <dc:creator>ntuu.kpi</dc:creator>
    <guid isPermaLink="false">18223 at https://kpi.ua</guid>
    </item>
<item>
  <title>Євгеній Алексеїк. Молодий науковець з ТЕФ – учасник міжнародної космічної місії</title>
  <link>https://kpi.ua/2021-kp5-tef</link>
  <description>&lt;span class="field field--name-title field--type-string field--label-hidden"&gt;Євгеній Алексеїк. Молодий науковець з ТЕФ – учасник міжнародної космічної місії&lt;/span&gt;

  &lt;div class="field field--name-node-image field--type-image field--label-above"&gt;
    &lt;div class="field__label"&gt;Image&lt;/div&gt;
              &lt;div class="field__item"&gt;  &lt;a href="https://kpi.ua/2021-kp5-tef" hreflang="UK"&gt;&lt;img src="https://kpi.ua/files/styles/thumbnail/public/images-story/alekseyik.jpg?itok=V5S6J9NH" width="100" height="100" alt="Євгеній Алексеїк" title="Алексеїк Євгеній" typeof="foaf:Image" class="image-style-thumbnail" /&gt;&lt;/a&gt;
&lt;/div&gt;
          &lt;/div&gt;
&lt;span class="field field--name-uid field--type-entity-reference field--label-hidden"&gt;&lt;span lang="" about="https://kpi.ua/user/93" typeof="schema:Person" property="schema:name" datatype="" xml:lang=""&gt;N.Vdovenko&lt;/span&gt;&lt;/span&gt;
&lt;span class="field field--name-created field--type-created field--label-hidden"&gt;вт, 02/16/2021 - 13:34&lt;/span&gt;

  &lt;div class="clearfix text-formatted field field--name-body field--type-text-with-summary field--label-above"&gt;
    &lt;div class="field__label"&gt;Текст&lt;/div&gt;
              &lt;div class="field__item"&gt;&lt;p&gt;Що потрібно для того, щоб увійти в історію? Опинитися в потрібному місці в потрібний час.&lt;/p&gt;&lt;/div&gt;
          &lt;/div&gt;
</description>
  <pubDate>Tue, 16 Feb 2021 11:34:28 +0000</pubDate>
    <dc:creator>N.Vdovenko</dc:creator>
    <guid isPermaLink="false">18484 at https://kpi.ua</guid>
    </item>
<item>
  <title>Професор Костянтин Ілліч Ващенко: вчений, педагог, інженер-новатор. До 120-річчя від дня народження</title>
  <link>https://kpi.ua/vashchenko</link>
  <description>&lt;span class="field field--name-title field--type-string field--label-hidden"&gt;Професор Костянтин Ілліч Ващенко: вчений, педагог, інженер-новатор. До 120-річчя від дня народження&lt;/span&gt;

  &lt;div class="field field--name-node-image field--type-image field--label-above"&gt;
    &lt;div class="field__label"&gt;Image&lt;/div&gt;
              &lt;div class="field__item"&gt;  &lt;a href="https://kpi.ua/vashchenko" hreflang="UK"&gt;&lt;img src="https://kpi.ua/files/styles/thumbnail/public/images-story/vashchenko.jpg?itok=fxzjZ_Rp" width="100" height="100" alt="Костянтин Ілліч Ващенко" title="Ващенко Костянтин Ілліч" typeof="foaf:Image" class="image-style-thumbnail" /&gt;&lt;/a&gt;
&lt;/div&gt;
          &lt;/div&gt;
&lt;span class="field field--name-uid field--type-entity-reference field--label-hidden"&gt;&lt;span lang="" about="https://kpi.ua/user/1" typeof="schema:Person" property="schema:name" datatype="" xml:lang=""&gt;ntuu.kpi&lt;/span&gt;&lt;/span&gt;
&lt;span class="field field--name-created field--type-created field--label-hidden"&gt;вт, 02/16/2021 - 13:03&lt;/span&gt;

  &lt;div class="clearfix text-formatted field field--name-body field--type-text-with-summary field--label-above"&gt;
    &lt;div class="field__label"&gt;Текст&lt;/div&gt;
              &lt;div class="field__item"&gt;&lt;p&gt;Видатний український вчений-ливарник, який зробив вагомий внесок у розвиток і вдосконалення ливарного виробництва та в науку про лиття металів і сплавів, Костянтин Ілліч Ващенко (1900 – 1992) увійшов в історію науки і техніки як металург-новатор і, водночас, талановитий інженер.&lt;/p&gt;&lt;/div&gt;
          &lt;/div&gt;
</description>
  <pubDate>Tue, 16 Feb 2021 11:03:49 +0000</pubDate>
    <dc:creator>ntuu.kpi</dc:creator>
    <guid isPermaLink="false">18483 at https://kpi.ua</guid>
    </item>
<item>
  <title>[18,25.02.2021] Вебінари від компанії Elsevier</title>
  <link>https://kpi.ua/node/18482</link>
  <description>&lt;span class="field field--name-title field--type-string field--label-hidden"&gt;[18,25.02.2021] Вебінари від компанії Elsevier&lt;/span&gt;
&lt;span class="field field--name-uid field--type-entity-reference field--label-hidden"&gt;&lt;span lang="" about="https://kpi.ua/user/1" typeof="schema:Person" property="schema:name" datatype="" xml:lang=""&gt;ntuu.kpi&lt;/span&gt;&lt;/span&gt;
&lt;span class="field field--name-created field--type-created field--label-hidden"&gt;пн, 02/15/2021 - 16:47&lt;/span&gt;

  &lt;div class="clearfix text-formatted field field--name-body field--type-text-with-summary field--label-above"&gt;
    &lt;div class="field__label"&gt;Текст&lt;/div&gt;
              &lt;div class="field__item"&gt;&lt;p&gt;У лютому відбудуться безкоштовні вебінари англійською мовою від компанії Elsevier, що відбудуться на платформі BrightTalk.&lt;/p&gt;&lt;/div&gt;
          &lt;/div&gt;
</description>
  <pubDate>Mon, 15 Feb 2021 14:47:03 +0000</pubDate>
    <dc:creator>ntuu.kpi</dc:creator>
    <guid isPermaLink="false">18482 at https://kpi.ua</guid>
    </item>
<item>
  <title>Інформація про користування бібліотекою для першокурсників</title>
  <link>https://kpi.ua/books-info</link>
  <description>&lt;span class="field field--name-title field--type-string field--label-hidden"&gt;Інформація про користування бібліотекою для першокурсників&lt;/span&gt;

  &lt;div class="field field--name-node-image field--type-image field--label-above"&gt;
    &lt;div class="field__label"&gt;Image&lt;/div&gt;
              &lt;div class="field__item"&gt;  &lt;a href="https://kpi.ua/books-info" hreflang="UK"&gt;&lt;img src="https://kpi.ua/files/styles/thumbnail/public/images-story/n17869.jpg?itok=iGqv9jNI" width="100" height="100" alt="Бібліотека КПІ" title="Бібліотека КПІ" typeof="foaf:Image" class="image-style-thumbnail" /&gt;&lt;/a&gt;
&lt;/div&gt;
          &lt;/div&gt;
&lt;span class="field field--name-uid field--type-entity-reference field--label-hidden"&gt;&lt;span lang="" about="https://kpi.ua/user/1" typeof="schema:Person" property="schema:name" datatype="" xml:lang=""&gt;ntuu.kpi&lt;/span&gt;&lt;/span&gt;
&lt;span class="field field--name-created field--type-created field--label-hidden"&gt;пн, 02/15/2021 - 16:27&lt;/span&gt;

  &lt;div class="clearfix text-formatted field field--name-body field--type-text-with-summary field--label-above"&gt;
    &lt;div class="field__label"&gt;Текст&lt;/div&gt;
              &lt;div class="field__item"&gt;&lt;p&gt;Усі студенти 1-х курсів автоматично зареєстровані у Бібліотеці КПІ!&lt;/p&gt;
&lt;p&gt;Тепер усі першокурсники можуть вільно користуватися усіма &lt;a href="https://www.library.kpi.ua/about-library/remote-services/" target="_blank" rel="noopener noreferrer"&gt;послугами та ресурсами бібліотеки.&lt;/a&gt;&lt;/p&gt;&lt;/div&gt;
          &lt;/div&gt;
</description>
  <pubDate>Mon, 15 Feb 2021 14:27:48 +0000</pubDate>
    <dc:creator>ntuu.kpi</dc:creator>
    <guid isPermaLink="false">17869 at https://kpi.ua</guid>
    </item>
<item>
  <title>Світлана Нагірняк. КПІ дає крила</title>
  <link>https://kpi.ua/2021-kp5-xtf</link>
  <description>&lt;span class="field field--name-title field--type-string field--label-hidden"&gt;Світлана Нагірняк. КПІ дає крила&lt;/span&gt;

  &lt;div class="field field--name-node-image field--type-image field--label-above"&gt;
    &lt;div class="field__label"&gt;Image&lt;/div&gt;
              &lt;div class="field__item"&gt;  &lt;a href="https://kpi.ua/2021-kp5-xtf" hreflang="UK"&gt;&lt;img src="https://kpi.ua/files/styles/thumbnail/public/images-story/nagirniak.jpg?itok=HdjUyScs" width="100" height="100" alt="Світлана Нагірняк" title="Світлана Нагірняк" typeof="foaf:Image" class="image-style-thumbnail" /&gt;&lt;/a&gt;
&lt;/div&gt;
          &lt;/div&gt;
&lt;span class="field field--name-uid field--type-entity-reference field--label-hidden"&gt;&lt;span lang="" about="https://kpi.ua/user/1" typeof="schema:Person" property="schema:name" datatype="" xml:lang=""&gt;ntuu.kpi&lt;/span&gt;&lt;/span&gt;
&lt;span class="field field--name-created field--type-created field--label-hidden"&gt;пн, 02/15/2021 - 12:54&lt;/span&gt;

  &lt;div class="clearfix text-formatted field field--name-body field--type-text-with-summary field--label-above"&gt;
    &lt;div class="field__label"&gt;Текст&lt;/div&gt;
              &lt;div class="field__item"&gt;&lt;p&gt; Відкритість кордонів, наукова  мобільність наших викладачів і студентів підносить імідж Київської політехніки  у світі, дозволяє їм провадити найсучасніші, у т.ч.&lt;/p&gt;&lt;/div&gt;
          &lt;/div&gt;
</description>
  <pubDate>Mon, 15 Feb 2021 10:54:12 +0000</pubDate>
    <dc:creator>ntuu.kpi</dc:creator>
    <guid isPermaLink="false">18481 at https://kpi.ua</guid>
    </item>

  </channel>
</rss>
